{
    "accuracy": [
        0.3187499940395355,
        0.4650000035762787,
        0.6487500071525574,
        0.7212499976158142,
        0.7137500047683716,
        0.7549999952316284,
        0.7975000143051147,
        0.8274999856948853,
        0.8424999713897705,
        0.8299999833106995,
        0.8374999761581421,
        0.8412500023841858,
        0.8612499833106995,
        0.8500000238418579,
        0.8550000190734863,
        0.8600000143051147,
        0.8637499809265137,
        0.8949999809265137,
        0.8899999856948853,
        0.8662499785423279,
        0.8824999928474426,
        0.8974999785423279,
        0.893750011920929,
        0.8962500095367432,
        0.9075000286102295,
        0.9262499809265137,
        0.9150000214576721,
        0.9125000238418579,
        0.9087499976158142,
        0.9125000238418579,
        0.9175000190734863,
        0.9137499928474426,
        0.9150000214576721,
        0.9362499713897705,
        0.9325000047683716
    ],
    "loss": [
        1.5095558166503906,
        1.8325772285461426,
        0.8585641980171204,
        0.6316578388214111,
        0.6925868988037109,
        0.5416099429130554,
        0.44864368438720703,
        0.39117708802223206,
        0.3723240792751312,
        0.38448813557624817,
        0.36116454005241394,
        0.34738689661026,
        0.30310574173927307,
        0.3444879651069641,
        0.3029446601867676,
        0.3003789782524109,
        0.2937757968902588,
        0.24311308562755585,
        0.23273533582687378,
        0.31992095708847046,
        0.2449697107076645,
        0.2238294929265976,
        0.2404383420944214,
        0.23141957819461823,
        0.20775148272514343,
        0.18854071199893951,
        0.18690627813339233,
        0.18828123807907104,
        0.18514129519462585,
        0.19040733575820923,
        0.18655681610107422,
        0.17672061920166016,
        0.18573680520057678,
        0.16244171559810638,
        0.16778647899627686
    ],
    "val_accuracy": [
        0.5249999761581421,
        0.4699999988079071,
        0.550000011920929,
        0.7649999856948853,
        0.7749999761581421,
        0.8100000023841858,
        0.8550000190734863,
        0.8349999785423279,
        0.8399999737739563,
        0.8500000238418579,
        0.7599999904632568,
        0.8700000047683716,
        0.8799999952316284,
        0.8550000190734863,
        0.800000011920929,
        0.675000011920929,
        0.8849999904632568,
        0.9449999928474426,
        0.7649999856948853,
        0.9049999713897705,
        0.9399999976158142,
        0.9200000166893005,
        0.9449999928474426,
        0.9350000023841858,
        0.9599999785423279,
        0.949999988079071,
        0.9549999833106995,
        0.925000011920929,
        0.9350000023841858,
        0.9150000214576721,
        0.9300000071525574,
        0.9300000071525574,
        0.925000011920929,
        0.9100000262260437,
        0.9399999976158142
    ],
    "val_loss": [
        1.2679247856140137,
        1.2001004219055176,
        1.2491405010223389,
        0.6524579524993896,
        0.6364290714263916,
        0.48524245619773865,
        0.3830862045288086,
        0.4481008052825928,
        0.3751415014266968,
        0.3602790832519531,
        0.5369428992271423,
        0.32094627618789673,
        0.2892374098300934,
        0.3563835620880127,
        0.4320746660232544,
        0.7595255970954895,
        0.35130032896995544,
        0.17363575100898743,
        0.6774305105209351,
        0.2624272406101227,
        0.2382943034172058,
        0.2438628226518631,
        0.23628713190555573,
        0.21428672969341278,
        0.23937350511550903,
        0.2153496891260147,
        0.22247476875782013,
        0.2123866230249405,
        0.22970934212207794,
        0.24746406078338623,
        0.2307489812374115,
        0.22805815935134888,
        0.2304140031337738,
        0.24423347413539886,
        0.2168859839439392
    ],
    "learning_rate": [
        0.009999999776482582,
        0.009999999776482582,
        0.009999999776482582,
        0.009999999776482582,
        0.009999999776482582,
        0.009999999776482582,
        0.009999999776482582,
        0.009999999776482582,
        0.009999999776482582,
        0.009999999776482582,
        0.009999999776482582,
        0.009999999776482582,
        0.009999999776482582,
        0.009999999776482582,
        0.009999999776482582,
        0.009999999776482582,
        0.009999999776482582,
        0.009999999776482582,
        0.009999999776482582,
        0.009999999776482582,
        0.009999999776482582,
        0.009999999776482582,
        0.009999999776482582,
        0.0009999999310821295,
        0.0009999999310821295,
        0.0009999999310821295,
        0.0009999999310821295,
        0.0009999999310821295,
        9.999999747378752e-05,
        9.999999747378752e-05,
        9.999999747378752e-05,
        9.999999747378752e-05,
        9.999999747378752e-05,
        9.999999747378752e-05,
        9.999999747378752e-05
    ]
}